{
  "latRange": [-50.0996015936255, 0.099601593625498],
  "lonRange": [109.90033222591362, 170.09966777408638],
  "uRange": [-1.4055514335632324, 1.1675033569335938],
  "vRange": [-2.0289015769958496, 1.8103855848312378],
  "width": 301,
  "height": 251
}
