{
  "latRange": [-50.0996015936255, 0.099601593625498],
  "lonRange": [109.90033222591362, 170.09966777408638],
  "uRange": [-1.1215723752975464, 1.0010223388671875],
  "vRange": [-1.9661849737167358, 1.3487861156463623]
}
