{
  "latRange": [-50.0996015936255, 0.099601593625498],
  "lonRange": [109.90033222591362, 170.09966777408638],
  "uRange": [-1.871576189994812, 1.4575862884521484],
  "vRange": [-2.707185745239258, 2.1401431560516357],
  "width": 301,
  "height": 251
}
