{
  "latRange": [-50.0996015936255, 0.099601593625498],
  "lonRange": [109.90033222591362, 170.09966777408638],
  "uRange": [-1.251430630683899, 1.0054476261138916],
  "vRange": [-2.3244776725769043, 1.3869348764419556]
}
