{
  "latRange": [-50.0996015936255, 0.099601593625498],
  "lonRange": [109.90033222591362, 170.09966777408638],
  "uRange": [-1.2546350955963135, 0.9483771324157715],
  "vRange": [-2.1898889541625977, 1.2430378198623657]
}
