{
  "latRange": [-50.0996015936255, 0.099601593625498],
  "lonRange": [109.90033222591362, 170.09966777408638],
  "uRange": [-1.328948736190796, 1.0403918027877808],
  "vRange": [-1.9498573541641235, 1.53678297996521],
  "width": 301,
  "height": 251
}
