{
  "latRange": [-50.0996015936255, 0.099601593625498],
  "lonRange": [109.90033222591362, 170.09966777408638],
  "uRange": [-1.6326125860214233, 1.131338357925415],
  "vRange": [-2.517967939376831, 1.8766118288040161],
  "width": 301,
  "height": 251
}
