{
  "latRange": [-50.0996015936255, 0.099601593625498],
  "lonRange": [109.90033222591362, 170.09966777408638],
  "uRange": [-0.9872888326644897, 1.054888367652893],
  "vRange": [-1.1557536125183105, 1.0004119873046875],
  "width": 301,
  "height": 251
}
