{
  "latRange": [-50.0996015936255, 0.099601593625498],
  "lonRange": [109.90033222591362, 170.09966777408638],
  "uRange": [-1.2210642099380493, 1.0074313879013062],
  "vRange": [-2.2251384258270264, 1.3884607553482056]
}
