{
  "latRange": [-50.0996015936255, 0.099601593625498],
  "lonRange": [109.90033222591362, 170.09966777408638],
  "uRange": [-1.901179552078247, 1.4032624959945679],
  "vRange": [-2.7818045616149902, 2.1834800243377686],
  "width": 301,
  "height": 251
}
