{
  "latRange": [-50.0996015936255, 0.099601593625498],
  "lonRange": [109.90033222591362, 170.09966777408638],
  "uRange": [-1.4398852586746216, 1.1348481178283691],
  "vRange": [-2.6484365463256836, 1.5756946802139282]
}
