{
  "latRange": [-50.0996015936255, 0.099601593625498],
  "lonRange": [109.90033222591362, 170.09966777408638],
  "uRange": [-1.153006911277771, 1.049700140953064],
  "vRange": [-1.2689789533615112, 1.0165870189666748],
  "width": 301,
  "height": 251
}
