{
  "latRange": [-50.0996015936255, 0.099601593625498],
  "lonRange": [109.90033222591362, 170.09966777408638],
  "uRange": [-1.2463949918746948, 1.0599240064620972],
  "vRange": [-1.6767125129699707, 1.3219294548034668]
}
