{
  "latRange": [-39.88740936216216, -36.18808503783805],
  "lonRange": [137.08796465789476, 141.83743834210634],
  "uRange": [-0.11445104120631949, 0.5869427948120469],
  "vRange": [-0.3471318363765505, 0.5914072271210178]
}
