{
  "latRange": [-50.0996015936255, 0.099601593625498],
  "lonRange": [109.90033222591362, 170.09966777408638],
  "uRange": [-1.2798131704330444, 1.0710633993148804],
  "vRange": [-1.5442601442337036, 1.2784398794174194],
  "width": 301,
  "height": 251
}
