{
  "latRange": [-50.0996015936255, 0.099601593625498],
  "lonRange": [109.90033222591362, 170.09966777408638],
  "uRange": [-1.1676559448242188, 0.9871362447738647],
  "vRange": [-1.9803762435913086, 1.3513802289962769]
}
