{
  "latRange": [-50.0996015936255, 0.099601593625498],
  "lonRange": [109.90033222591362, 170.09966777408638],
  "uRange": [-1.2610440254211426, 1.0626707077026367],
  "vRange": [-1.3246761560440063, 1.100972056388855],
  "width": 301,
  "height": 251
}
